station,station_naam,valid_time,hi_p10,hi_p50,hi_p90,n_runs,temp_c,rh,run,risico,risico_key,bias_corrected
afobaka,Brokopondo / Afobaka,2026-10-06 06:00:00+00:00,22.169905270470537,22.388830335405164,23.32618731901384,4.0,21.887048339843773,90.0,2026-10-06 06:00:00+00:00,Normaal,normaal,False
afobaka,Brokopondo / Afobaka,2026-10-06 09:00:00+00:00,21.597588560316325,21.724306369357663,22.168016397264292,4.0,21.174249267578148,95.4000015258789,2026-10-06 06:00:00+00:00,Normaal,normaal,False
afobaka,Brokopondo / Afobaka,2026-10-06 12:00:00+00:00,28.87223364019588,28.906137070227437,28.98207003043423,3.0,27.050012207031273,69.5999984741211,2026-10-06 06:00:00+00:00,Normaal,normaal,False
afobaka,Brokopondo / Afobaka,2026-10-06 15:00:00+00:00,34.165764492584344,34.30080272507294,34.398171898948426,4.0,32.3265319824219,47.400001525878906,2026-10-06 06:00:00+00:00,Let op,let_op,False
afobaka,Brokopondo / Afobaka,2026-10-06 18:00:00+00:00,35.406422045146236,35.57989037462637,35.929443194511876,3.0,34.72652587890627,34.900001525878906,2026-10-06 06:00:00+00:00,Let op,let_op,False
afobaka,Brokopondo / Afobaka,2026-10-06 21:00:00+00:00,33.14953849625476,33.19049712423907,33.424953393475214,4.0,31.730249023437523,46.70000076293945,2026-10-06 06:00:00+00:00,Let op,let_op,False
afobaka,Brokopondo / Afobaka,2026-10-07 00:00:00+00:00,28.578873437442088,29.510083530591125,29.65079006193271,4.0,27.381463623046898,71.20000457763672,2026-10-06 06:00:00+00:00,Normaal,normaal,False
afobaka,Brokopondo / Afobaka,2026-10-07 03:00:00+00:00,25.400322241041426,25.567864682939337,25.683730677286803,4.0,25.249993896484398,72.80000305175781,2026-10-06 06:00:00+00:00,Normaal,normaal,False
afobaka,Brokopondo / Afobaka,2026-10-07 06:00:00+00:00,24.047561768425858,24.1530092069838,24.2918624309964,3.0,23.362908935546898,86.80000305175781,2026-10-06 06:00:00+00:00,Normaal,normaal,False
afobaka,Brokopondo / Afobaka,2026-10-07 09:00:00+00:00,22.297730921427437,22.372020221286373,22.646032438490156,3.0,21.650018310546898,95.80000305175781,2026-10-06 06:00:00+00:00,Normaal,normaal,False
afobaka,Brokopondo / Afobaka,2026-10-07 12:00:00+00:00,28.73608050773997,28.770366539562634,28.979905304581884,4.0,27.150018310546898,65.5999984741211,2026-10-06 06:00:00+00:00,Normaal,normaal,False
afobaka,Brokopondo / Afobaka,2026-10-07 15:00:00+00:00,33.47053706677857,33.6965662840431,33.92259550130764,2.0,32.7501159667969,40.10000228881836,2026-10-06 06:00:00+00:00,Let op,let_op,False
afobaka,Brokopondo / Afobaka,2026-10-07 18:00:00+00:00,35.73643107928309,35.84235203147482,35.94827298366654,2.0,35.05001220703127,34.20000076293945,2026-10-06 06:00:00+00:00,Let op,let_op,False
afobaka,Brokopondo / Afobaka,2026-10-07 21:00:00+00:00,33.25389044947197,33.61466382011975,34.0249852743096,3.0,31.951318359375023,45.0,2026-10-06 06:00:00+00:00,Let op,let_op,False
afobaka,Brokopondo / Afobaka,2026-10-08 00:00:00+00:00,27.145210458160523,27.99657610807679,28.141141072981075,3.0,26.551873779296898,67.9000015258789,2026-10-06 06:00:00+00:00,Normaal,normaal,False
afobaka,Brokopondo / Afobaka,2026-10-08 03:00:00+00:00,25.57609478674997,25.674087537129743,25.772080287509517,2.0,25.074212646484398,82.70000457763672,2026-10-06 06:00:00+00:00,Normaal,normaal,False
afobaka,Brokopondo / Afobaka,2026-10-08 06:00:00+00:00,23.707106493632022,24.088134142557806,24.50198158179392,3.0,23.357293701171898,89.5999984741211,2026-10-06 06:00:00+00:00,Normaal,normaal,False
afobaka,Brokopondo / Afobaka,2026-10-08 09:00:00+00:00,22.64093804211089,22.88891211403743,23.136886185963974,2.0,22.427819824218773,94.70000457763672,2026-10-06 06:00:00+00:00,Normaal,normaal,False
afobaka,Brokopondo / Afobaka,2026-10-08 12:00:00+00:00,28.877667579947904,29.210796554684464,29.63958337387479,3.0,27.370355224609398,67.0999984741211,2026-10-06 06:00:00+00:00,Normaal,normaal,False
afobaka,Brokopondo / Afobaka,2026-10-08 15:00:00+00:00,34.24764497373679,34.864606892744995,34.892539871640146,3.0,33.87624511718752,38.70000076293945,2026-10-06 06:00:00+00:00,Let op,let_op,False
afobaka,Brokopondo / Afobaka,2026-10-08 18:00:00+00:00,35.76892399642417,36.43690619266519,36.54698312266786,3.0,36.05129394531252,31.30000114440918,2026-10-06 06:00:00+00:00,Let op,let_op,False
afobaka,Brokopondo / Afobaka,2026-10-08 21:00:00+00:00,33.16066037328938,33.323503613644654,33.486346853999926,2.0,32.45000610351565,42.900001525878906,2026-10-06 06:00:00+00:00,Let op,let_op,False
afobaka,Brokopondo / Afobaka,2026-10-09 00:00:00+00:00,27.898510265061553,28.228400301049522,28.55829033703749,2.0,26.862115478515648,70.20000457763672,2026-10-06 06:00:00+00:00,Normaal,normaal,False
afobaka,Brokopondo / Afobaka,2026-10-09 03:00:00+00:00,25.587713081359887,26.103438504536978,26.115809554206027,3.0,25.474237060546898,77.5999984741211,2026-10-06 06:00:00+00:00,Normaal,normaal,False
afobaka,Brokopondo / Afobaka,2026-10-09 06:00:00+00:00,23.928087980482335,24.353527586195238,24.496927661471926,3.0,23.723535156250023,91.20000457763672,2026-10-06 06:00:00+00:00,Normaal,normaal,False
afobaka,Brokopondo / Afobaka,2026-10-09 09:00:00+00:00,23.00618865373403,23.06865680694583,23.13112496015764,2.0,22.169610595703148,97.5999984741211,2026-10-06 06:00:00+00:00,Normaal,normaal,False
afobaka,Brokopondo / Afobaka,2026-10-09 12:00:00+00:00,29.62214731261601,29.795468501567484,29.96878969051896,2.0,27.551293945312523,71.70000457763672,2026-10-06 06:00:00+00:00,Normaal,normaal,False
afobaka,Brokopondo / Afobaka,2026-10-09 15:00:00+00:00,35.34262918142608,35.45492175495225,36.059738295637736,3.0,34.44716796875002,40.0,2026-10-06 06:00:00+00:00,Let op,let_op,False
afobaka,Brokopondo / Afobaka,2026-10-09 18:00:00+00:00,36.53005165793955,36.750631373939655,36.97121108993976,2.0,35.59664306640627,35.70000076293945,2026-10-06 06:00:00+00:00,Let op,let_op,False
afobaka,Brokopondo / Afobaka,2026-10-09 21:00:00+00:00,33.893992556688474,34.36617648150332,34.39760459671608,3.0,32.88543090820315,43.60000228881836,2026-10-06 06:00:00+00:00,Let op,let_op,False
afobaka,Brokopondo / Afobaka,2026-10-10 00:00:00+00:00,29.315289487934432,29.44173665521496,29.903257220484377,3.0,27.373162841796898,69.4000015258789,2026-10-06 06:00:00+00:00,Normaal,normaal,False
afobaka,Brokopondo / Afobaka,2026-10-10 03:00:00+00:00,26.55051065063479,26.587331746419302,26.62414247639977,3.0,25.988610839843773,72.70000457763672,2026-10-06 06:00:00+00:00,Normaal,normaal,False
afobaka,Brokopondo / Afobaka,2026-10-10 06:00:00+00:00,24.271104935540126,24.84967795054121,24.851645398457876,3.0,24.089959716796898,87.9000015258789,2026-10-06 06:00:00+00:00,Normaal,normaal,False
afobaka,Brokopondo / Afobaka,2026-10-10 09:00:00+00:00,23.277445235358375,23.7588519075182,24.2389693289863,4.0,23.557733154296898,93.20000457763672,2026-10-06 06:00:00+00:00,Normaal,normaal,False
afobaka,Brokopondo / Afobaka,2026-10-10 12:00:00+00:00,30.23588249882558,31.13221620827585,31.199192811887155,3.0,28.510552978515648,66.4000015258789,2026-10-06 06:00:00+00:00,Normaal,normaal,False
afobaka,Brokopondo / Afobaka,2026-10-10 15:00:00+00:00,35.74729747448378,35.974511227824415,36.39623143238116,3.0,34.15126953125002,40.0,2026-10-06 06:00:00+00:00,Let op,let_op,False
afobaka,Brokopondo / Afobaka,2026-10-10 18:00:00+00:00,36.33606839253668,37.063556397148986,37.27721389406428,3.0,35.11757812500002,35.5,2026-10-06 06:00:00+00:00,Let op,let_op,False
afobaka,Brokopondo / Afobaka,2026-10-10 21:00:00+00:00,32.960013053123966,34.71488575235988,35.239383358281614,3.0,31.168267822265648,48.10000228881836,2026-10-06 06:00:00+00:00,Let op,let_op,False
afobaka,Brokopondo / Afobaka,2026-10-11 00:00:00+00:00,29.446775910521115,29.48022977777542,29.513683645029726,2.0,27.265924072265648,71.30000305175781,2026-10-06 06:00:00+00:00,Normaal,normaal,False
afobaka,Brokopondo / Afobaka,2026-10-11 03:00:00+00:00,26.644041223314094,26.86888228098554,27.838050745527923,3.0,26.719415283203148,65.4000015258789,2026-10-06 06:00:00+00:00,Normaal,normaal,False
afobaka,Brokopondo / Afobaka,2026-10-11 06:00:00+00:00,24.729823421054444,25.31972013261585,25.690354864332445,3.0,24.671563720703148,81.4000015258789,2026-10-06 06:00:00+00:00,Normaal,normaal,False
nickerie,Nieuw Nickerie,2026-10-06 06:00:00+00:00,30.286523944134625,30.47827779520742,30.553878242114862,4.0,27.247033691406273,79.4000015258789,2026-10-06 06:00:00+00:00,Normaal,normaal,False
nickerie,Nieuw Nickerie,2026-10-06 09:00:00+00:00,28.59552818290252,28.82938305735357,29.856714595197825,4.0,26.474237060546898,78.5,2026-10-06 06:00:00+00:00,Normaal,normaal,False
nickerie,Nieuw Nickerie,2026-10-06 12:00:00+00:00,29.362482219882832,29.380530582070545,29.80744390527811,3.0,27.249993896484398,71.0,2026-10-06 06:00:00+00:00,Normaal,normaal,False
nickerie,Nieuw Nickerie,2026-10-06 15:00:00+00:00,31.944620878595327,32.20026032911006,32.26756806564552,4.0,29.326531982421898,63.5,2026-10-06 06:00:00+00:00,Let op,let_op,False
nickerie,Nieuw Nickerie,2026-10-06 18:00:00+00:00,31.549072384389024,31.76557357237887,31.9811898624711,3.0,28.426507568359398,71.5999984741211,2026-10-06 06:00:00+00:00,Normaal,normaal,False
nickerie,Nieuw Nickerie,2026-10-06 21:00:00+00:00,31.42493475874581,31.612904324261446,31.884948006588992,4.0,27.930261230468773,77.0999984741211,2026-10-06 06:00:00+00:00,Normaal,normaal,False
nickerie,Nieuw Nickerie,2026-10-07 00:00:00+00:00,31.745970701351844,31.86869867194689,32.2817211240335,4.0,27.781457519531273,82.0999984741211,2026-10-06 06:00:00+00:00,Normaal,normaal,False
nickerie,Nieuw Nickerie,2026-10-07 03:00:00+00:00,31.958438075808285,32.01670457530971,32.19568074310735,4.0,27.749993896484398,83.30000305175781,2026-10-06 06:00:00+00:00,Let op,let_op,False
nickerie,Nieuw Nickerie,2026-10-07 06:00:00+00:00,30.90520982112154,31.556845875790135,31.6651148226538,3.0,27.552911376953148,84.20000457763672,2026-10-06 06:00:00+00:00,Normaal,normaal,False
nickerie,Nieuw Nickerie,2026-10-07 09:00:00+00:00,30.34199394832814,30.391495949819376,30.522837046363666,3.0,27.350000000000023,78.20000457763672,2026-10-06 06:00:00+00:00,Normaal,normaal,False
nickerie,Nieuw Nickerie,2026-10-07 12:00:00+00:00,30.322027452688566,30.558088410663274,30.658797980082277,4.0,27.749993896484398,74.0,2026-10-06 06:00:00+00:00,Normaal,normaal,False
nickerie,Nieuw Nickerie,2026-10-07 15:00:00+00:00,31.381647789678816,31.595112225892464,31.80857666210611,2.0,28.650109863281273,69.30000305175781,2026-10-06 06:00:00+00:00,Normaal,normaal,False
nickerie,Nieuw Nickerie,2026-10-07 18:00:00+00:00,31.6418380741175,31.918674003306727,32.19550993249595,2.0,28.650018310546898,71.70000457763672,2026-10-06 06:00:00+00:00,Normaal,normaal,False
nickerie,Nieuw Nickerie,2026-10-07 21:00:00+00:00,30.965553659863016,31.212202714541604,31.467935517190178,3.0,27.751336669921898,78.0,2026-10-06 06:00:00+00:00,Normaal,normaal,False
nickerie,Nieuw Nickerie,2026-10-08 00:00:00+00:00,31.133356054664645,31.51517646915792,31.592995675233016,3.0,27.751885986328148,80.20000457763672,2026-10-06 06:00:00+00:00,Normaal,normaal,False
nickerie,Nieuw Nickerie,2026-10-08 03:00:00+00:00,30.97733727413259,31.297240769917227,31.617144265701864,2.0,27.774224853515648,81.0999984741211,2026-10-06 06:00:00+00:00,Normaal,normaal,False
nickerie,Nieuw Nickerie,2026-10-08 06:00:00+00:00,30.17720719547993,30.345750806441682,30.78204660565071,3.0,27.357293701171898,78.20000457763672,2026-10-06 06:00:00+00:00,Normaal,normaal,False
nickerie,Nieuw Nickerie,2026-10-08 09:00:00+00:00,30.600696918187626,30.795082909586657,30.98946890098569,2.0,27.527825927734398,80.70000457763672,2026-10-06 06:00:00+00:00,Normaal,normaal,False
nickerie,Nieuw Nickerie,2026-10-08 12:00:00+00:00,31.065702647679004,31.080538951631038,31.084540815209028,3.0,27.970361328125023,73.5,2026-10-06 06:00:00+00:00,Normaal,normaal,False
nickerie,Nieuw Nickerie,2026-10-08 15:00:00+00:00,31.259939551608557,31.393647985693054,31.47758160981523,3.0,28.176263427734398,71.5,2026-10-06 06:00:00+00:00,Normaal,normaal,False
nickerie,Nieuw Nickerie,2026-10-08 18:00:00+00:00,31.832908873433034,31.868884854426227,32.20537474940751,3.0,28.551293945312523,70.5999984741211,2026-10-06 06:00:00+00:00,Normaal,normaal,False
nickerie,Nieuw Nickerie,2026-10-08 21:00:00+00:00,31.1933992265584,31.360416960429113,31.527434694299824,2.0,28.050012207031273,75.70000457763672,2026-10-06 06:00:00+00:00,Normaal,normaal,False
nickerie,Nieuw Nickerie,2026-10-09 00:00:00+00:00,31.550113008626056,31.726922063366956,31.903731118107853,2.0,27.862115478515648,81.30000305175781,2026-10-06 06:00:00+00:00,Normaal,normaal,False
nickerie,Nieuw Nickerie,2026-10-09 03:00:00+00:00,31.448338866030024,31.845510455750535,32.011398571674825,3.0,27.874230957031273,80.4000015258789,2026-10-06 06:00:00+00:00,Normaal,normaal,False
nickerie,Nieuw Nickerie,2026-10-09 06:00:00+00:00,30.521639761639285,30.836566181718133,31.513997714077366,3.0,27.423547363281273,81.0999984741211,2026-10-06 06:00:00+00:00,Normaal,normaal,False
nickerie,Nieuw Nickerie,2026-10-09 09:00:00+00:00,30.435193095451858,30.71941005587871,31.00362701630556,2.0,27.569604492187523,80.20000457763672,2026-10-06 06:00:00+00:00,Normaal,normaal,False
nickerie,Nieuw Nickerie,2026-10-09 12:00:00+00:00,31.592809303667,31.94933615220131,32.30586300073563,2.0,28.451287841796898,75.0999984741211,2026-10-06 06:00:00+00:00,Normaal,normaal,False
nickerie,Nieuw Nickerie,2026-10-09 15:00:00+00:00,32.02116121645662,33.06279301511709,33.392088679774176,3.0,28.847161865234398,75.80000305175781,2026-10-06 06:00:00+00:00,Let op,let_op,False
nickerie,Nieuw Nickerie,2026-10-09 18:00:00+00:00,32.55570653212415,32.854046990031755,33.15238744793936,2.0,28.596643066406273,77.80000305175781,2026-10-06 06:00:00+00:00,Let op,let_op,False
nickerie,Nieuw Nickerie,2026-10-09 21:00:00+00:00,31.900698967176627,32.42062864632129,32.60732832687205,3.0,27.985437011718773,82.30000305175781,2026-10-06 06:00:00+00:00,Let op,let_op,False
nickerie,Nieuw Nickerie,2026-10-10 00:00:00+00:00,31.878229112442984,32.41634044088369,32.72159993250112,3.0,27.873162841796898,84.20000457763672,2026-10-06 06:00:00+00:00,Let op,let_op,False
nickerie,Nieuw Nickerie,2026-10-10 03:00:00+00:00,31.955017267051367,32.50537963497377,32.61060196160926,3.0,27.888604736328148,84.5,2026-10-06 06:00:00+00:00,Let op,let_op,False
nickerie,Nieuw Nickerie,2026-10-10 06:00:00+00:00,31.38181843905852,32.041800271281346,32.32443735104327,3.0,27.789971923828148,83.20000457763672,2026-10-06 06:00:00+00:00,Let op,let_op,False
nickerie,Nieuw Nickerie,2026-10-10 09:00:00+00:00,31.19509424628878,31.624388101300532,31.77636390195369,4.0,27.577722167968773,83.5,2026-10-06 06:00:00+00:00,Normaal,normaal,False
nickerie,Nieuw Nickerie,2026-10-10 12:00:00+00:00,32.41286751490851,32.64896370811812,33.01524756692029,3.0,28.310540771484398,78.5999984741211,2026-10-06 06:00:00+00:00,Let op,let_op,False
nickerie,Nieuw Nickerie,2026-10-10 15:00:00+00:00,32.6395621325171,32.87733164259101,33.890958068708905,3.0,28.551263427734398,76.5,2026-10-06 06:00:00+00:00,Let op,let_op,False
nickerie,Nieuw Nickerie,2026-10-10 18:00:00+00:00,32.82702550509622,33.305970250575626,33.34256064090038,3.0,28.717584228515648,76.5999984741211,2026-10-06 06:00:00+00:00,Let op,let_op,False
nickerie,Nieuw Nickerie,2026-10-10 21:00:00+00:00,32.584346205400394,32.94237829749862,33.03619071568934,3.0,28.168267822265648,82.5,2026-10-06 06:00:00+00:00,Let op,let_op,False
nickerie,Nieuw Nickerie,2026-10-11 00:00:00+00:00,32.582044378014885,32.981558592309625,33.381072806604365,2.0,28.165917968750023,85.5,2026-10-06 06:00:00+00:00,Let op,let_op,False
nickerie,Nieuw Nickerie,2026-10-11 03:00:00+00:00,32.45714045034124,32.99460212166116,33.27709037562584,3.0,28.019403076171898,85.20000457763672,2026-10-06 06:00:00+00:00,Let op,let_op,False
nickerie,Nieuw Nickerie,2026-10-11 06:00:00+00:00,31.936593100039264,32.508062141222965,32.581184464187935,3.0,27.871575927734398,85.30000305175781,2026-10-06 06:00:00+00:00,Let op,let_op,False
paramaribo,Paramaribo (stad),2026-10-06 06:00:00+00:00,27.409238781118177,28.29163266977687,28.82292434068613,4.0,26.277032470703148,79.9000015258789,2026-10-06 06:00:00+00:00,Normaal,normaal,False
paramaribo,Paramaribo (stad),2026-10-06 09:00:00+00:00,26.386402843899223,26.5233720355564,28.09948511893047,4.0,25.674249267578148,83.0999984741211,2026-10-06 06:00:00+00:00,Normaal,normaal,False
paramaribo,Paramaribo (stad),2026-10-06 12:00:00+00:00,30.077998821844442,30.474681953737065,30.626438498878827,3.0,27.350000000000023,75.0,2026-10-06 06:00:00+00:00,Normaal,normaal,False
paramaribo,Paramaribo (stad),2026-10-06 15:00:00+00:00,33.217559051865145,33.35377137800086,33.797958758383594,4.0,29.326531982421898,68.5999984741211,2026-10-06 06:00:00+00:00,Let op,let_op,False
paramaribo,Paramaribo (stad),2026-10-06 18:00:00+00:00,32.993212389214946,33.09551655695773,33.356360281697825,3.0,28.826531982421898,73.4000015258789,2026-10-06 06:00:00+00:00,Let op,let_op,False
paramaribo,Paramaribo (stad),2026-10-06 21:00:00+00:00,31.44175550977908,31.674287564034735,32.00289162721936,4.0,27.630242919921898,81.5999984741211,2026-10-06 06:00:00+00:00,Normaal,normaal,False
paramaribo,Paramaribo (stad),2026-10-07 00:00:00+00:00,31.07311185053574,31.21011549029071,31.396080810616805,4.0,27.481439208984398,83.30000305175781,2026-10-06 06:00:00+00:00,Normaal,normaal,False
paramaribo,Paramaribo (stad),2026-10-07 03:00:00+00:00,29.880282314689158,30.382410805719573,30.49715013850925,4.0,27.249993896484398,81.4000015258789,2026-10-06 06:00:00+00:00,Normaal,normaal,False
paramaribo,Paramaribo (stad),2026-10-07 06:00:00+00:00,29.698331713865496,29.716795388649434,29.766105959912515,3.0,26.962915039062523,81.30000305175781,2026-10-06 06:00:00+00:00,Normaal,normaal,False
paramaribo,Paramaribo (stad),2026-10-07 09:00:00+00:00,28.672489128852714,28.791636669701433,28.966045903835692,3.0,26.550012207031273,80.30000305175781,2026-10-06 06:00:00+00:00,Normaal,normaal,False
paramaribo,Paramaribo (stad),2026-10-07 12:00:00+00:00,30.808197190467787,31.02334827334891,31.10688855425339,4.0,27.850000000000023,72.9000015258789,2026-10-06 06:00:00+00:00,Normaal,normaal,False
paramaribo,Paramaribo (stad),2026-10-07 15:00:00+00:00,32.35782486428622,32.46335724234186,32.56888962039749,2.0,29.050103759765648,68.70000457763672,2026-10-06 06:00:00+00:00,Let op,let_op,False
paramaribo,Paramaribo (stad),2026-10-07 18:00:00+00:00,31.743624791686486,31.964374126638205,32.185123461589924,2.0,28.749993896484398,70.30000305175781,2026-10-06 06:00:00+00:00,Normaal,normaal,False
paramaribo,Paramaribo (stad),2026-10-07 21:00:00+00:00,30.56729500622433,30.61415682767071,30.853612792573724,3.0,27.451318359375023,78.70000457763672,2026-10-06 06:00:00+00:00,Normaal,normaal,False
paramaribo,Paramaribo (stad),2026-10-08 00:00:00+00:00,30.28928661416796,30.572445104473847,30.78026538371826,3.0,27.351892089843773,80.30000305175781,2026-10-06 06:00:00+00:00,Normaal,normaal,False
paramaribo,Paramaribo (stad),2026-10-08 03:00:00+00:00,29.859659041965397,30.15564292572091,30.451626809476423,2.0,27.274224853515648,81.5,2026-10-06 06:00:00+00:00,Normaal,normaal,False
paramaribo,Paramaribo (stad),2026-10-08 06:00:00+00:00,29.622396635461495,29.63785622257418,29.949679380658097,3.0,27.057275390625023,77.4000015258789,2026-10-06 06:00:00+00:00,Normaal,normaal,False
paramaribo,Paramaribo (stad),2026-10-08 09:00:00+00:00,28.666672322727013,28.707423624275314,28.748174925823612,2.0,26.527825927734398,80.5,2026-10-06 06:00:00+00:00,Normaal,normaal,False
paramaribo,Paramaribo (stad),2026-10-08 12:00:00+00:00,30.62872211981999,30.738168858497684,30.740591781580708,3.0,27.970361328125023,71.0,2026-10-06 06:00:00+00:00,Normaal,normaal,False
paramaribo,Paramaribo (stad),2026-10-08 15:00:00+00:00,32.29480751127374,32.63888388735123,32.95545539718101,3.0,28.876245117187523,71.0,2026-10-06 06:00:00+00:00,Let op,let_op,False
paramaribo,Paramaribo (stad),2026-10-08 18:00:00+00:00,32.361497602418815,33.000706612033184,33.020548605098114,3.0,28.851312255859398,73.4000015258789,2026-10-06 06:00:00+00:00,Let op,let_op,False
paramaribo,Paramaribo (stad),2026-10-08 21:00:00+00:00,30.87181957815615,31.168084362995337,31.464349147834525,2.0,27.749993896484398,80.4000015258789,2026-10-06 06:00:00+00:00,Normaal,normaal,False
paramaribo,Paramaribo (stad),2026-10-09 00:00:00+00:00,30.590737521567206,30.883857521212988,31.176977520858767,2.0,27.562127685546898,81.70000457763672,2026-10-06 06:00:00+00:00,Normaal,normaal,False
paramaribo,Paramaribo (stad),2026-10-09 03:00:00+00:00,30.244599086833567,30.78933394040952,30.797036853696458,3.0,27.274224853515648,83.9000015258789,2026-10-06 06:00:00+00:00,Normaal,normaal,False
paramaribo,Paramaribo (stad),2026-10-09 06:00:00+00:00,30.15119968697175,30.160459688797502,30.27163908065058,3.0,27.123529052734398,81.30000305175781,2026-10-06 06:00:00+00:00,Normaal,normaal,False
paramaribo,Paramaribo (stad),2026-10-09 09:00:00+00:00,29.49717571734784,29.744479657611087,29.99178359787434,2.0,27.069604492187523,81.5999984741211,2026-10-06 06:00:00+00:00,Normaal,normaal,False
paramaribo,Paramaribo (stad),2026-10-09 12:00:00+00:00,31.235227400104442,31.704361012722686,32.17349462534093,2.0,28.051293945312523,80.4000015258789,2026-10-06 06:00:00+00:00,Normaal,normaal,False
paramaribo,Paramaribo (stad),2026-10-09 15:00:00+00:00,33.24988193003921,33.73889324753604,33.74783513371407,3.0,29.047174072265648,74.70000457763672,2026-10-06 06:00:00+00:00,Let op,let_op,False
paramaribo,Paramaribo (stad),2026-10-09 18:00:00+00:00,33.48002055559569,33.54258729126457,33.60515402693345,2.0,28.796624755859398,77.20000457763672,2026-10-06 06:00:00+00:00,Let op,let_op,False
paramaribo,Paramaribo (stad),2026-10-09 21:00:00+00:00,31.969477351521704,32.13953465513544,32.3470715023837,3.0,27.985437011718773,80.5,2026-10-06 06:00:00+00:00,Let op,let_op,False
paramaribo,Paramaribo (stad),2026-10-10 00:00:00+00:00,31.673767834704353,31.72121500649159,31.98766658933043,3.0,27.673150634765648,83.0999984741211,2026-10-06 06:00:00+00:00,Normaal,normaal,False
paramaribo,Paramaribo (stad),2026-10-10 03:00:00+00:00,31.056391514639422,31.06624210095744,31.440785129791347,3.0,27.388604736328148,83.70000457763672,2026-10-06 06:00:00+00:00,Normaal,normaal,False
paramaribo,Paramaribo (stad),2026-10-10 06:00:00+00:00,30.481311349316197,30.597234044811866,30.97897002598136,3.0,27.289971923828148,81.80000305175781,2026-10-06 06:00:00+00:00,Normaal,normaal,False
paramaribo,Paramaribo (stad),2026-10-10 09:00:00+00:00,29.405302683055524,29.71930321682886,30.21303501379419,4.0,26.517724609375023,88.30000305175781,2026-10-06 06:00:00+00:00,Normaal,normaal,False
paramaribo,Paramaribo (stad),2026-10-10 12:00:00+00:00,32.31402330324696,32.70846273924527,32.740490035101196,3.0,28.410546875000023,77.5,2026-10-06 06:00:00+00:00,Let op,let_op,False
paramaribo,Paramaribo (stad),2026-10-10 15:00:00+00:00,33.628449698235144,33.8325885082062,34.165850039359086,3.0,29.351281738281273,73.5,2026-10-06 06:00:00+00:00,Let op,let_op,False
paramaribo,Paramaribo (stad),2026-10-10 18:00:00+00:00,33.54167380862402,33.76237619639264,34.04494512337304,3.0,28.917596435546898,78.0999984741211,2026-10-06 06:00:00+00:00,Let op,let_op,False
paramaribo,Paramaribo (stad),2026-10-10 21:00:00+00:00,32.24922932665077,32.49475818178132,32.5461076169541,3.0,28.068261718750023,81.80000305175781,2026-10-06 06:00:00+00:00,Let op,let_op,False
paramaribo,Paramaribo (stad),2026-10-11 00:00:00+00:00,32.21605814284503,32.3169083056181,32.41775846839118,2.0,27.865930175781273,84.5,2026-10-06 06:00:00+00:00,Let op,let_op,False
paramaribo,Paramaribo (stad),2026-10-11 03:00:00+00:00,31.611153732225297,31.70913025542866,31.71475635397847,3.0,27.419427490234398,87.0999984741211,2026-10-06 06:00:00+00:00,Normaal,normaal,False
paramaribo,Paramaribo (stad),2026-10-11 06:00:00+00:00,30.565945755389578,30.96994690335562,30.98310708630479,3.0,27.371575927734398,83.4000015258789,2026-10-06 06:00:00+00:00,Normaal,normaal,False
zanderij,Zanderij (JAP),2026-10-06 06:00:00+00:00,23.21928273349341,23.3000100983514,23.452255818684925,4.0,22.727044677734398,94.0,2026-10-06 06:00:00+00:00,Normaal,normaal,False
zanderij,Zanderij (JAP),2026-10-06 09:00:00+00:00,22.151517890506344,22.425819449954588,22.46013362969295,4.0,21.674249267578148,98.70000457763672,2026-10-06 06:00:00+00:00,Normaal,normaal,False
zanderij,Zanderij (JAP),2026-10-06 12:00:00+00:00,29.705907122283268,30.139945914705873,30.312482161738277,3.0,28.050012207031273,66.9000015258789,2026-10-06 06:00:00+00:00,Normaal,normaal,False
zanderij,Zanderij (JAP),2026-10-06 15:00:00+00:00,36.31935756705078,36.40763362663604,36.56426647759196,4.0,35.3265319824219,35.20000076293945,2026-10-06 06:00:00+00:00,Let op,let_op,False
zanderij,Zanderij (JAP),2026-10-06 18:00:00+00:00,38.28313193830266,38.52493333699453,38.70814666226585,3.0,38.4265075683594,24.899999618530273,2026-10-06 06:00:00+00:00,Verhoogd risico,verhoogd,False
zanderij,Zanderij (JAP),2026-10-06 21:00:00+00:00,32.71797610607599,33.40439374517424,34.48435842370445,4.0,29.530267333984398,63.70000076293945,2026-10-06 06:00:00+00:00,Let op,let_op,False
zanderij,Zanderij (JAP),2026-10-07 00:00:00+00:00,27.13593312542584,28.32399402531255,29.00442329904274,4.0,26.981439208984398,75.5,2026-10-06 06:00:00+00:00,Normaal,normaal,False
zanderij,Zanderij (JAP),2026-10-07 03:00:00+00:00,25.63005396228369,25.69189246071712,25.868858439127624,4.0,25.249993896484398,80.4000015258789,2026-10-06 06:00:00+00:00,Normaal,normaal,False
zanderij,Zanderij (JAP),2026-10-07 06:00:00+00:00,24.522977450052927,24.537294866773845,24.785469715542295,3.0,23.722894287109398,91.4000015258789,2026-10-06 06:00:00+00:00,Normaal,normaal,False
zanderij,Zanderij (JAP),2026-10-07 09:00:00+00:00,22.86876467132571,23.018104396396232,23.184065323723715,3.0,22.350000000000023,99.0,2026-10-06 06:00:00+00:00,Normaal,normaal,False
zanderij,Zanderij (JAP),2026-10-07 12:00:00+00:00,30.436489689458824,30.47453572751667,30.49180377093669,4.0,28.249993896484398,65.0999984741211,2026-10-06 06:00:00+00:00,Normaal,normaal,False
zanderij,Zanderij (JAP),2026-10-07 15:00:00+00:00,36.12816529958701,36.21859040296626,36.3090155063455,2.0,35.8500915527344,31.600000381469727,2026-10-06 06:00:00+00:00,Let op,let_op,False
zanderij,Zanderij (JAP),2026-10-07 18:00:00+00:00,38.931246726205195,39.04195811709127,39.152669507977336,2.0,39.05001220703127,23.899999618530273,2026-10-06 06:00:00+00:00,Verhoogd risico,verhoogd,False
zanderij,Zanderij (JAP),2026-10-07 21:00:00+00:00,32.72638916888213,32.838000446828985,33.11217832444387,3.0,30.151330566406273,57.900001525878906,2026-10-06 06:00:00+00:00,Let op,let_op,False
zanderij,Zanderij (JAP),2026-10-08 00:00:00+00:00,26.394277504815026,26.432692489624056,26.560935470581086,3.0,25.851892089843773,74.30000305175781,2026-10-06 06:00:00+00:00,Normaal,normaal,False
zanderij,Zanderij (JAP),2026-10-08 03:00:00+00:00,25.847547135247154,25.952850964864126,26.058154794481094,2.0,25.274224853515648,85.30000305175781,2026-10-06 06:00:00+00:00,Normaal,normaal,False
zanderij,Zanderij (JAP),2026-10-08 06:00:00+00:00,24.31775228881838,24.396891818576417,25.095889506022164,3.0,23.557275390625023,93.0,2026-10-06 06:00:00+00:00,Normaal,normaal,False
zanderij,Zanderij (JAP),2026-10-08 09:00:00+00:00,22.73673177931046,22.93965873718264,23.142585695054816,2.0,22.327813720703148,98.70000457763672,2026-10-06 06:00:00+00:00,Normaal,normaal,False
zanderij,Zanderij (JAP),2026-10-08 12:00:00+00:00,30.069183389092284,30.51078023412597,30.735498753095296,3.0,28.270379638671898,65.0999984741211,2026-10-06 06:00:00+00:00,Normaal,normaal,False
zanderij,Zanderij (JAP),2026-10-08 15:00:00+00:00,35.940222801207206,35.977338213237225,36.19377029733358,3.0,35.47625122070315,33.60000228881836,2026-10-06 06:00:00+00:00,Let op,let_op,False
zanderij,Zanderij (JAP),2026-10-08 18:00:00+00:00,38.1180742934812,38.43483887801707,38.71202840104658,3.0,38.65130004882815,24.600000381469727,2026-10-06 06:00:00+00:00,Verhoogd risico,verhoogd,False
zanderij,Zanderij (JAP),2026-10-08 21:00:00+00:00,33.10694185771098,33.48143409380392,33.85592632989686,2.0,31.150018310546898,55.0,2026-10-06 06:00:00+00:00,Let op,let_op,False
zanderij,Zanderij (JAP),2026-10-09 00:00:00+00:00,26.536722365074525,27.22504532078814,27.913368276501753,2.0,26.362115478515648,74.70000457763672,2026-10-06 06:00:00+00:00,Normaal,normaal,False
zanderij,Zanderij (JAP),2026-10-09 03:00:00+00:00,25.578114662170442,26.09994456397166,26.3056071209378,3.0,25.574212646484398,83.0999984741211,2026-10-06 06:00:00+00:00,Normaal,normaal,False
zanderij,Zanderij (JAP),2026-10-09 06:00:00+00:00,24.66644862196183,25.090610894097246,25.161093726264138,3.0,24.223535156250023,91.5,2026-10-06 06:00:00+00:00,Normaal,normaal,False
zanderij,Zanderij (JAP),2026-10-09 09:00:00+00:00,23.254920986599416,23.338264600965736,23.421608215332057,2.0,22.369622802734398,98.5,2026-10-06 06:00:00+00:00,Normaal,normaal,False
zanderij,Zanderij (JAP),2026-10-09 12:00:00+00:00,31.759412276044102,31.84815163192895,31.9368909878138,2.0,29.151300048828148,64.0,2026-10-06 06:00:00+00:00,Normaal,normaal,False
zanderij,Zanderij (JAP),2026-10-09 15:00:00+00:00,37.314121087389424,37.450196435637906,37.799498356184415,3.0,36.2471862792969,32.70000076293945,2026-10-06 06:00:00+00:00,Let op,let_op,False
zanderij,Zanderij (JAP),2026-10-09 18:00:00+00:00,39.746909333280556,39.875758392714545,40.00460745214854,2.0,38.49663696289065,29.200000762939453,2026-10-06 06:00:00+00:00,Verhoogd risico,verhoogd,False
zanderij,Zanderij (JAP),2026-10-09 21:00:00+00:00,33.51585138407475,33.73741306099416,33.93170780075949,3.0,31.485437011718773,52.400001525878906,2026-10-06 06:00:00+00:00,Let op,let_op,False
zanderij,Zanderij (JAP),2026-10-10 00:00:00+00:00,28.668255849207206,28.831110804278154,28.96898130157168,3.0,26.873162841796898,72.4000015258789,2026-10-06 06:00:00+00:00,Normaal,normaal,False
zanderij,Zanderij (JAP),2026-10-10 03:00:00+00:00,26.531620684305857,26.5478251520793,26.588541494581467,3.0,25.788598632812523,80.5999984741211,2026-10-06 06:00:00+00:00,Normaal,normaal,False
zanderij,Zanderij (JAP),2026-10-10 06:00:00+00:00,24.709123386806944,25.501851251390274,25.70280734676788,3.0,24.689965820312523,87.5999984741211,2026-10-06 06:00:00+00:00,Normaal,normaal,False
zanderij,Zanderij (JAP),2026-10-10 09:00:00+00:00,23.727439944373263,24.078252474466993,24.27754750315351,4.0,22.767724609375023,97.9000015258789,2026-10-06 06:00:00+00:00,Normaal,normaal,False
zanderij,Zanderij (JAP),2026-10-10 12:00:00+00:00,30.205351893312127,32.19428286545003,32.261261488211055,3.0,27.210565185546898,75.0999984741211,2026-10-06 06:00:00+00:00,Let op,let_op,False
zanderij,Zanderij (JAP),2026-10-10 15:00:00+00:00,37.11393308406035,38.122751241637474,38.418946883524136,3.0,34.35128173828127,42.900001525878906,2026-10-06 06:00:00+00:00,Verhoogd risico,verhoogd,False
zanderij,Zanderij (JAP),2026-10-10 18:00:00+00:00,38.442705433241834,39.663894513617315,39.881929298275175,3.0,39.21758422851565,25.399999618530273,2026-10-06 06:00:00+00:00,Verhoogd risico,verhoogd,False
zanderij,Zanderij (JAP),2026-10-10 21:00:00+00:00,33.13782048537521,33.52092031948893,34.25511014933003,3.0,31.268273925781273,56.10000228881836,2026-10-06 06:00:00+00:00,Let op,let_op,False
zanderij,Zanderij (JAP),2026-10-11 00:00:00+00:00,29.367386015031027,29.394893337949597,29.422400660868163,2.0,26.965936279296898,77.4000015258789,2026-10-06 06:00:00+00:00,Normaal,normaal,False
zanderij,Zanderij (JAP),2026-10-11 03:00:00+00:00,26.982895433667608,28.303402729183205,28.78269719640842,3.0,26.619409179687523,79.80000305175781,2026-10-06 06:00:00+00:00,Normaal,normaal,False
zanderij,Zanderij (JAP),2026-10-11 06:00:00+00:00,25.62517136976457,25.869180094401077,26.292629007975293,3.0,25.571557617187523,84.80000305175781,2026-10-06 06:00:00+00:00,Normaal,normaal,False
zorg_en_hoop,Zorg en Hoop,2026-10-06 06:00:00+00:00,23.02162226952449,23.353165071275527,24.263006627400745,4.0,22.787042236328148,95.9000015258789,2026-10-06 06:00:00+00:00,Normaal,normaal,False
zorg_en_hoop,Zorg en Hoop,2026-10-06 09:00:00+00:00,22.273444127824597,22.493979769812718,22.897603758917935,4.0,21.874261474609398,99.4000015258789,2026-10-06 06:00:00+00:00,Normaal,normaal,False
zorg_en_hoop,Zorg en Hoop,2026-10-06 12:00:00+00:00,30.32150905248081,30.419979282780677,30.69593102784251,3.0,28.050012207031273,67.4000015258789,2026-10-06 06:00:00+00:00,Normaal,normaal,False
zorg_en_hoop,Zorg en Hoop,2026-10-06 15:00:00+00:00,36.44282681826686,36.6610033372914,36.806578390004574,4.0,35.22652587890627,35.70000076293945,2026-10-06 06:00:00+00:00,Let op,let_op,False
zorg_en_hoop,Zorg en Hoop,2026-10-06 18:00:00+00:00,38.48205285177904,38.55572214727251,38.70462394131528,3.0,37.4265075683594,30.30000114440918,2026-10-06 06:00:00+00:00,Verhoogd risico,verhoogd,False
zorg_en_hoop,Zorg en Hoop,2026-10-06 21:00:00+00:00,31.347333638389287,32.01361288253126,32.26113241493631,4.0,28.130242919921898,71.70000457763672,2026-10-06 06:00:00+00:00,Let op,let_op,False
zorg_en_hoop,Zorg en Hoop,2026-10-07 00:00:00+00:00,26.930735974205895,27.66647377215137,28.78110566839113,4.0,26.581445312500023,81.80000305175781,2026-10-06 06:00:00+00:00,Normaal,normaal,False
zorg_en_hoop,Zorg en Hoop,2026-10-07 03:00:00+00:00,26.141148323059102,26.2388142818875,26.34849397659304,4.0,25.549981689453148,81.80000305175781,2026-10-06 06:00:00+00:00,Normaal,normaal,False
zorg_en_hoop,Zorg en Hoop,2026-10-07 06:00:00+00:00,25.177229698181183,25.251343803405785,25.56124650658504,3.0,24.332910156250023,89.5,2026-10-06 06:00:00+00:00,Normaal,normaal,False
zorg_en_hoop,Zorg en Hoop,2026-10-07 09:00:00+00:00,23.479719834221758,23.526853514777315,23.687793598598933,3.0,22.650018310546898,97.9000015258789,2026-10-06 06:00:00+00:00,Normaal,normaal,False
zorg_en_hoop,Zorg en Hoop,2026-10-07 12:00:00+00:00,30.98862567112251,31.110490107883358,31.237805867695275,4.0,28.550012207031273,64.70000457763672,2026-10-06 06:00:00+00:00,Normaal,normaal,False
zorg_en_hoop,Zorg en Hoop,2026-10-07 15:00:00+00:00,36.738557585938864,36.75986740880221,36.78117723166555,2.0,36.3500915527344,30.30000114440918,2026-10-06 06:00:00+00:00,Let op,let_op,False
zorg_en_hoop,Zorg en Hoop,2026-10-07 18:00:00+00:00,37.32612047015912,37.578718042718464,37.831315615277816,2.0,35.95000610351565,36.5,2026-10-06 06:00:00+00:00,Let op,let_op,False
zorg_en_hoop,Zorg en Hoop,2026-10-07 21:00:00+00:00,30.300672292047825,30.536562681355573,30.800203984771617,3.0,27.951318359375023,67.4000015258789,2026-10-06 06:00:00+00:00,Normaal,normaal,False
zorg_en_hoop,Zorg en Hoop,2026-10-08 00:00:00+00:00,26.620774166531056,26.74928337944881,26.862931057400196,3.0,26.051873779296898,78.0,2026-10-06 06:00:00+00:00,Normaal,normaal,False
zorg_en_hoop,Zorg en Hoop,2026-10-08 03:00:00+00:00,26.22644037755333,26.33801085790001,26.44958133824669,2.0,25.674218750000023,83.5,2026-10-06 06:00:00+00:00,Normaal,normaal,False
zorg_en_hoop,Zorg en Hoop,2026-10-08 06:00:00+00:00,25.30619752078589,25.443002900017657,25.833389035542826,3.0,24.457269287109398,88.5999984741211,2026-10-06 06:00:00+00:00,Normaal,normaal,False
zorg_en_hoop,Zorg en Hoop,2026-10-08 09:00:00+00:00,23.109022041320824,23.564585355122908,24.020148668924993,2.0,23.327813720703148,92.5999984741211,2026-10-06 06:00:00+00:00,Normaal,normaal,False
zorg_en_hoop,Zorg en Hoop,2026-10-08 12:00:00+00:00,30.97776788341958,31.129680164113225,31.13219940730967,3.0,28.870355224609398,62.10000228881836,2026-10-06 06:00:00+00:00,Normaal,normaal,False
zorg_en_hoop,Zorg en Hoop,2026-10-08 15:00:00+00:00,36.22254859900178,36.38521043704948,36.58656640386204,3.0,35.87624511718752,32.60000228881836,2026-10-06 06:00:00+00:00,Let op,let_op,False
zorg_en_hoop,Zorg en Hoop,2026-10-08 18:00:00+00:00,37.791224013243195,38.131436377488164,39.00843413144881,3.0,37.55129394531252,31.700000762939453,2026-10-06 06:00:00+00:00,Verhoogd risico,verhoogd,False
zorg_en_hoop,Zorg en Hoop,2026-10-08 21:00:00+00:00,30.778838015373463,30.968939237111854,31.15904045885025,2.0,28.550012207031273,66.4000015258789,2026-10-06 06:00:00+00:00,Normaal,normaal,False
zorg_en_hoop,Zorg en Hoop,2026-10-09 00:00:00+00:00,26.696627205210472,27.40834793672395,28.120068668237426,2.0,26.362115478515648,78.5,2026-10-06 06:00:00+00:00,Normaal,normaal,False
zorg_en_hoop,Zorg en Hoop,2026-10-09 03:00:00+00:00,26.160174246046306,26.53732657962378,26.64874420928958,3.0,25.874230957031273,82.70000457763672,2026-10-06 06:00:00+00:00,Normaal,normaal,False
zorg_en_hoop,Zorg en Hoop,2026-10-09 06:00:00+00:00,25.53058644019235,25.95265969594322,26.132036788092744,3.0,25.123529052734398,86.5999984741211,2026-10-06 06:00:00+00:00,Normaal,normaal,False
zorg_en_hoop,Zorg en Hoop,2026-10-09 09:00:00+00:00,24.087388761308482,24.158212422264974,24.229036083221462,2.0,23.169610595703148,96.80000305175781,2026-10-06 06:00:00+00:00,Normaal,normaal,False
zorg_en_hoop,Zorg en Hoop,2026-10-09 12:00:00+00:00,31.91876828895869,32.26091358851595,32.6030588880732,2.0,29.651300048828148,62.70000076293945,2026-10-06 06:00:00+00:00,Let op,let_op,False
zorg_en_hoop,Zorg en Hoop,2026-10-09 15:00:00+00:00,37.67318940522425,37.96242827622552,38.42301858109111,3.0,36.2471862792969,33.79999923706055,2026-10-06 06:00:00+00:00,Let op,let_op,False
zorg_en_hoop,Zorg en Hoop,2026-10-09 18:00:00+00:00,37.26084007458063,37.89599763760809,38.53115520063556,2.0,33.39663085937502,50.0,2026-10-06 06:00:00+00:00,Let op,let_op,False
zorg_en_hoop,Zorg en Hoop,2026-10-09 21:00:00+00:00,32.17617454626356,32.226502006397844,32.450340190898835,3.0,29.285424804687523,63.70000076293945,2026-10-06 06:00:00+00:00,Let op,let_op,False
zorg_en_hoop,Zorg en Hoop,2026-10-10 00:00:00+00:00,28.959956275581735,29.03736597175084,29.200380685343223,3.0,26.773156738281273,77.4000015258789,2026-10-06 06:00:00+00:00,Normaal,normaal,False
zorg_en_hoop,Zorg en Hoop,2026-10-10 03:00:00+00:00,26.890295142279758,26.906227349175374,28.09154714398602,3.0,26.088616943359398,81.70000457763672,2026-10-06 06:00:00+00:00,Normaal,normaal,False
zorg_en_hoop,Zorg en Hoop,2026-10-10 06:00:00+00:00,25.967145944383443,26.321324068705277,26.388807206047932,3.0,25.589959716796898,84.30000305175781,2026-10-06 06:00:00+00:00,Normaal,normaal,False
zorg_en_hoop,Zorg en Hoop,2026-10-10 09:00:00+00:00,24.544665709601535,25.00622350904679,25.5660551376343,4.0,23.867730712890648,94.4000015258789,2026-10-06 06:00:00+00:00,Normaal,normaal,False
zorg_en_hoop,Zorg en Hoop,2026-10-10 12:00:00+00:00,32.599856565284384,32.705666072803325,32.94655521655424,3.0,29.110559082031273,68.5999984741211,2026-10-06 06:00:00+00:00,Let op,let_op,False
zorg_en_hoop,Zorg en Hoop,2026-10-10 15:00:00+00:00,38.06316748213061,38.36014245863451,38.55320738820481,3.0,35.5512634277344,40.29999923706055,2026-10-06 06:00:00+00:00,Verhoogd risico,verhoogd,False
zorg_en_hoop,Zorg en Hoop,2026-10-10 18:00:00+00:00,37.71818076858956,38.122349319118314,39.26709011352663,3.0,35.81759033203127,42.20000076293945,2026-10-06 06:00:00+00:00,Verhoogd risico,verhoogd,False
zorg_en_hoop,Zorg en Hoop,2026-10-10 21:00:00+00:00,31.716934404060183,31.76768436325845,32.72760298425132,3.0,29.368280029296898,67.0999984741211,2026-10-06 06:00:00+00:00,Normaal,normaal,False
zorg_en_hoop,Zorg en Hoop,2026-10-11 00:00:00+00:00,30.048652471832913,30.063262760672316,30.077873049511716,2.0,27.065911865234398,81.5999984741211,2026-10-06 06:00:00+00:00,Normaal,normaal,False
zorg_en_hoop,Zorg en Hoop,2026-10-11 03:00:00+00:00,28.470462587974016,28.938693550440448,29.126197629419174,3.0,26.619409179687523,83.5,2026-10-06 06:00:00+00:00,Normaal,normaal,False
zorg_en_hoop,Zorg en Hoop,2026-10-11 06:00:00+00:00,26.229164310879206,26.30134016672773,26.739411238776338,3.0,25.971551513671898,85.20000457763672,2026-10-06 06:00:00+00:00,Normaal,normaal,False
